[{"pk": 22, "model": "auth.permission", "fields": {"codename": "add_logentry", "name": "Can add log entry", "content_type": 8}}, {"pk": 23, "model": "auth.permission", "fields": {"codename": "change_logentry", "name": "Can change log entry", "content_type": 8}}, {"pk": 24, "model": "auth.permission", "fields": {"codename": "delete_logentry", "name": "Can delete log entry", "content_type": 8}}, {"pk": 4, "model": "auth.permission", "fields": {"codename": "add_group", "name": "Can add group", "content_type": 2}}, {"pk": 10, "model": "auth.permission", "fields": {"codename": "add_message", "name": "Can add message", "content_type": 4}}, {"pk": 1, "model": "auth.permission", "fields": {"codename": "add_permission", "name": "Can add permission", "content_type": 1}}, {"pk": 7, "model": "auth.permission", "fields": {"codename": "add_user", "name": "Can add user", "content_type": 3}}, {"pk": 5, "model": "auth.permission", "fields": {"codename": "change_group", "name": "Can change group", "content_type": 2}}, {"pk": 11, "model": "auth.permission", "fields": {"codename": "change_message", "name": "Can change message", "content_type": 4}}, {"pk": 2, "model": "auth.permission", "fields": {"codename": "change_permission", "name": "Can change permission", "content_type": 1}}, {"pk": 8, "model": "auth.permission", "fields": {"codename": "change_user", "name": "Can change user", "content_type": 3}}, {"pk": 6, "model": "auth.permission", "fields": {"codename": "delete_group", "name": "Can delete group", "content_type": 2}}, {"pk": 12, "model": "auth.permission", "fields": {"codename": "delete_message", "name": "Can delete message", "content_type": 4}}, {"pk": 3, "model": "auth.permission", "fields": {"codename": "delete_permission", "name": "Can delete permission", "content_type": 1}}, {"pk": 9, "model": "auth.permission", "fields": {"codename": "delete_user", "name": "Can delete user", "content_type": 3}}, {"pk": 13, "model": "auth.permission", "fields": {"codename": "add_contenttype", "name": "Can add content type", "content_type": 5}}, {"pk": 14, "model": "auth.permission", "fields": {"codename": "change_contenttype", "name": "Can change content type", "content_type": 5}}, {"pk": 15, "model": "auth.permission", "fields": {"codename": "delete_contenttype", "name": "Can delete content type", "content_type": 5}}, {"pk": 25, "model": "auth.permission", "fields": {"codename": "add_issue", "name": "Can add issue", "content_type": 9}}, {"pk": 37, "model": "auth.permission", "fields": {"codename": "add_issuebody", "name": "Can add issue body", "content_type": 13}}, {"pk": 28, "model": "auth.permission", "fields": {"codename": "add_issueset", "name": "Can add issue set", "content_type": 10}}, {"pk": 40, "model": "auth.permission", "fields": {"codename": "add_lawproposal", "name": "Can add law proposal", "content_type": 14}}, {"pk": 34, "model": "auth.permission", "fields": {"codename": "add_mandate", "name": "Can add mandate", "content_type": 12}}, {"pk": 43, "model": "auth.permission", "fields": {"codename": "add_motion", "name": "Can add motion", "content_type": 15}}, {"pk": 46, "model": "auth.permission", "fields": {"codename": "add_tag", "name": "Can add tag", "content_type": 16}}, {"pk": 49, "model": "auth.permission", "fields": {"codename": "add_taggedissue", "name": "Can add tagged issue", "content_type": 17}}, {"pk": 31, "model": "auth.permission", "fields": {"codename": "add_vote", "name": "Can add vote", "content_type": 11}}, {"pk": 26, "model": "auth.permission", "fields": {"codename": "change_issue", "name": "Can change issue", "content_type": 9}}, {"pk": 38, "model": "auth.permission", "fields": {"codename": "change_issuebody", "name": "Can change issue body", "content_type": 13}}, {"pk": 29, "model": "auth.permission", "fields": {"codename": "change_issueset", "name": "Can change issue set", "content_type": 10}}, {"pk": 41, "model": "auth.permission", "fields": {"codename": "change_lawproposal", "name": "Can change law proposal", "content_type": 14}}, {"pk": 35, "model": "auth.permission", "fields": {"codename": "change_mandate", "name": "Can change mandate", "content_type": 12}}, {"pk": 44, "model": "auth.permission", "fields": {"codename": "change_motion", "name": "Can change motion", "content_type": 15}}, {"pk": 47, "model": "auth.permission", "fields": {"codename": "change_tag", "name": "Can change tag", "content_type": 16}}, {"pk": 50, "model": "auth.permission", "fields": {"codename": "change_taggedissue", "name": "Can change tagged issue", "content_type": 17}}, {"pk": 32, "model": "auth.permission", "fields": {"codename": "change_vote", "name": "Can change vote", "content_type": 11}}, {"pk": 27, "model": "auth.permission", "fields": {"codename": "delete_issue", "name": "Can delete issue", "content_type": 9}}, {"pk": 39, "model": "auth.permission", "fields": {"codename": "delete_issuebody", "name": "Can delete issue body", "content_type": 13}}, {"pk": 30, "model": "auth.permission", "fields": {"codename": "delete_issueset", "name": "Can delete issue set", "content_type": 10}}, {"pk": 42, "model": "auth.permission", "fields": {"codename": "delete_lawproposal", "name": "Can delete law proposal", "content_type": 14}}, {"pk": 36, "model": "auth.permission", "fields": {"codename": "delete_mandate", "name": "Can delete mandate", "content_type": 12}}, {"pk": 45, "model": "auth.permission", "fields": {"codename": "delete_motion", "name": "Can delete motion", "content_type": 15}}, {"pk": 48, "model": "auth.permission", "fields": {"codename": "delete_tag", "name": "Can delete tag", "content_type": 16}}, {"pk": 51, "model": "auth.permission", "fields": {"codename": "delete_taggedissue", "name": "Can delete tagged issue", "content_type": 17}}, {"pk": 33, "model": "auth.permission", "fields": {"codename": "delete_vote", "name": "Can delete vote", "content_type": 11}}, {"pk": 64, "model": "auth.permission", "fields": {"codename": "add_consumer", "name": "Can add consumer", "content_type": 22}}, {"pk": 58, "model": "auth.permission", "fields": {"codename": "add_nonce", "name": "Can add nonce", "content_type": 20}}, {"pk": 61, "model": "auth.permission", "fields": {"codename": "add_resource", "name": "Can add resource", "content_type": 21}}, {"pk": 67, "model": "auth.permission", "fields": {"codename": "add_token", "name": "Can add token", "content_type": 23}}, {"pk": 65, "model": "auth.permission", "fields": {"codename": "change_consumer", "name": "Can change consumer", "content_type": 22}}, {"pk": 59, "model": "auth.permission", "fields": {"codename": "change_nonce", "name": "Can change nonce", "content_type": 20}}, {"pk": 62, "model": "auth.permission", "fields": {"codename": "change_resource", "name": "Can change resource", "content_type": 21}}, {"pk": 68, "model": "auth.permission", "fields": {"codename": "change_token", "name": "Can change token", "content_type": 23}}, {"pk": 66, "model": "auth.permission", "fields": {"codename": "delete_consumer", "name": "Can delete consumer", "content_type": 22}}, {"pk": 60, "model": "auth.permission", "fields": {"codename": "delete_nonce", "name": "Can delete nonce", "content_type": 20}}, {"pk": 63, "model": "auth.permission", "fields": {"codename": "delete_resource", "name": "Can delete resource", "content_type": 21}}, {"pk": 69, "model": "auth.permission", "fields": {"codename": "delete_token", "name": "Can delete token", "content_type": 23}}, {"pk": 52, "model": "auth.permission", "fields": {"codename": "add_userprofile", "name": "Can add user profile", "content_type": 18}}, {"pk": 53, "model": "auth.permission", "fields": {"codename": "change_userprofile", "name": "Can change user profile", "content_type": 18}}, {"pk": 54, "model": "auth.permission", "fields": {"codename": "delete_userprofile", "name": "Can delete user profile", "content_type": 18}}, {"pk": 55, "model": "auth.permission", "fields": {"codename": "add_registrationprofile", "name": "Can add registration profile", "content_type": 19}}, {"pk": 56, "model": "auth.permission", "fields": {"codename": "change_registrationprofile", "name": "Can change registration profile", "content_type": 19}}, {"pk": 57, "model": "auth.permission", "fields": {"codename": "delete_registrationprofile", "name": "Can delete registration profile", "content_type": 19}}, {"pk": 16, "model": "auth.permission", "fields": {"codename": "add_session", "name": "Can add session", "content_type": 6}}, {"pk": 17, "model": "auth.permission", "fields": {"codename": "change_session", "name": "Can change session", "content_type": 6}}, {"pk": 18, "model": "auth.permission", "fields": {"codename": "delete_session", "name": "Can delete session", "content_type": 6}}, {"pk": 19, "model": "auth.permission", "fields": {"codename": "add_site", "name": "Can add site", "content_type": 7}}, {"pk": 20, "model": "auth.permission", "fields": {"codename": "change_site", "name": "Can change site", "content_type": 7}}, {"pk": 21, "model": "auth.permission", "fields": {"codename": "delete_site", "name": "Can delete site", "content_type": 7}}, {"pk": 1, "model": "auth.user", "fields": {"username": "xxx", "first_name": "", "last_name": "", "is_active": true, "is_superuser": true, "is_staff": true, "last_login": "2009-03-19 14:53:37", "groups": [], "user_permissions": [], "password": "sha1$7886d$b2fa596c7ac49c472248283965d9193615dee3f0", "email": "xxx@yyy.net", "date_joined": "2009-03-19 14:29:30"}}, {"pk": 2, "model": "auth.user", "fields": {"username": "ana", "first_name": "", "last_name": "", "is_active": true, "is_superuser": false, "is_staff": false, "last_login": "2009-03-19 14:43:25", "groups": [], "user_permissions": [], "password": "sha1$f08dc$d66320f0cee5b7991c1ccc372c494bee2e419cbe", "email": "tcoenen@science.uva.nl", "date_joined": "2009-03-19 14:43:25"}}, {"pk": 3, "model": "auth.user", "fields": {"username": "alexander", "first_name": "", "last_name": "", "is_active": true, "is_superuser": false, "is_staff": false, "last_login": "2009-03-19 14:43:25", "groups": [], "user_permissions": [], "password": "sha1$368f8$aca10ec1347ec823c4e287e2d0047c84cbc3480a", "email": "tcoenen@science.uva.nl", "date_joined": "2009-03-19 14:43:25"}}, {"pk": 4, "model": "auth.user", "fields": {"username": "bert", "first_name": "", "last_name": "", "is_active": true, "is_superuser": false, "is_staff": false, "last_login": "2009-03-19 14:43:25", "groups": [], "user_permissions": [], "password": "sha1$39057$d3bc19987390fde9d5dc950cd2a7458589883de0", "email": "tcoenen@science.uva.nl", "date_joined": "2009-03-19 14:43:25"}}, {"pk": 5, "model": "auth.user", "fields": {"username": "barbara", "first_name": "", "last_name": "", "is_active": true, "is_superuser": false, "is_staff": false, "last_login": "2009-03-19 14:43:25", "groups": [], "user_permissions": [], "password": "sha1$de93b$11e347fa4c69a380c9ac2afe08a550d12952059b", "email": "tcoenen@science.uva.nl", "date_joined": "2009-03-19 14:43:25"}}, {"pk": 6, "model": "auth.user", "fields": {"username": "carmen", "first_name": "", "last_name": "", "is_active": true, "is_superuser": false, "is_staff": false, "last_login": "2009-03-19 14:43:25", "groups": [], "user_permissions": [], "password": "sha1$096ad$45c257457dbdb2a3519529ce64d58721fa969bfd", "email": "tcoenen@science.uva.nl", "date_joined": "2009-03-19 14:43:25"}}, {"pk": 7, "model": "auth.user", "fields": {"username": "chantal", "first_name": "", "last_name": "", "is_active": true, "is_superuser": false, "is_staff": false, "last_login": "2009-03-19 14:43:25", "groups": [], "user_permissions": [], "password": "sha1$74251$1b42c67faa5c94802d9802db4b0d65b0cdce8532", "email": "tcoenen@science.uva.nl", "date_joined": "2009-03-19 14:43:25"}}, {"pk": 8, "model": "auth.user", "fields": {"username": "dirk", "first_name": "", "last_name": "", "is_active": true, "is_superuser": false, "is_staff": false, "last_login": "2009-03-19 14:43:25", "groups": [], "user_permissions": [], "password": "sha1$c3c65$06c68c4036d72cf541f6ffc4e472a8ef6d23b411", "email": "tcoenen@science.uva.nl", "date_joined": "2009-03-19 14:43:25"}}, {"pk": 9, "model": "auth.user", "fields": {"username": "diederik", "first_name": "", "last_name": "", "is_active": true, "is_superuser": false, "is_staff": false, "last_login": "2009-03-19 14:43:25", "groups": [], "user_permissions": [], "password": "sha1$9ae03$ea66477dd9a65c8207225d5fdf844df45cc6d5f6", "email": "tcoenen@science.uva.nl", "date_joined": "2009-03-19 14:43:25"}}, {"pk": 10, "model": "auth.user", "fields": {"username": "ditke", "first_name": "", "last_name": "", "is_active": true, "is_superuser": false, "is_staff": false, "last_login": "2009-03-19 14:43:25", "groups": [], "user_permissions": [], "password": "sha1$0bce6$92038153f026701c502478cf873de6b3ada016e6", "email": "tcoenen@science.uva.nl", "date_joined": "2009-03-19 14:43:25"}}, {"pk": 11, "model": "auth.user", "fields": {"username": "dedeke", "first_name": "", "last_name": "", "is_active": true, "is_superuser": false, "is_staff": false, "last_login": "2009-03-19 14:43:25", "groups": [], "user_permissions": [], "password": "sha1$a4304$a2b5a5bcb7039b73b07f525c75d87b28b6af0ff0", "email": "tcoenen@science.uva.nl", "date_joined": "2009-03-19 14:43:25"}}, {"pk": 12, "model": "auth.user", "fields": {"username": "ernie", "first_name": "", "last_name": "", "is_active": true, "is_superuser": false, "is_staff": false, "last_login": "2009-03-19 14:43:25", "groups": [], "user_permissions": [], "password": "sha1$30ecb$32e1ad4d9d495aa4328733c1cf4b19d6120004d5", "email": "tcoenen@science.uva.nl", "date_joined": "2009-03-19 14:43:25"}}, {"pk": 13, "model": "auth.user", "fields": {"username": "frederik", "first_name": "", "last_name": "", "is_active": true, "is_superuser": false, "is_staff": false, "last_login": "2009-03-19 14:43:25", "groups": [], "user_permissions": [], "password": "sha1$cc445$87c68fc8dc84f958a7bff8f4e9a97b16e6ad7b43", "email": "tcoenen@science.uva.nl", "date_joined": "2009-03-19 14:43:25"}}, {"pk": 14, "model": "auth.user", "fields": {"username": "ferdinand", "first_name": "", "last_name": "", "is_active": true, "is_superuser": false, "is_staff": false, "last_login": "2009-03-19 14:43:25", "groups": [], "user_permissions": [], "password": "sha1$0b066$c3c72077c4dca38f32a42eec7c272ef72d94f9f5", "email": "tcoenen@science.uva.nl", "date_joined": "2009-03-19 14:43:25"}}, {"pk": 15, "model": "auth.user", "fields": {"username": "fred", "first_name": "", "last_name": "", "is_active": true, "is_superuser": false, "is_staff": false, "last_login": "2009-03-19 14:43:25", "groups": [], "user_permissions": [], "password": "sha1$eabf0$a403663e61be0d70f2c3e20571003919cc6a1cc5", "email": "tcoenen@science.uva.nl", "date_joined": "2009-03-19 14:43:25"}}, {"pk": 16, "model": "auth.user", "fields": {"username": "fanny", "first_name": "", "last_name": "", "is_active": true, "is_superuser": false, "is_staff": false, "last_login": "2009-03-19 14:43:25", "groups": [], "user_permissions": [], "password": "sha1$71c2a$ba42e39537297f3ddb1d75987355747881deadee", "email": "tcoenen@science.uva.nl", "date_joined": "2009-03-19 14:43:25"}}, {"pk": 17, "model": "auth.user", "fields": {"username": "george", "first_name": "", "last_name": "", "is_active": true, "is_superuser": false, "is_staff": false, "last_login": "2009-03-19 14:43:25", "groups": [], "user_permissions": [], "password": "sha1$d87a9$8fa3b924ff1a6586394457f3767426e08e49e348", "email": "tcoenen@science.uva.nl", "date_joined": "2009-03-19 14:43:25"}}, {"pk": 18, "model": "auth.user", "fields": {"username": "gijs", "first_name": "", "last_name": "", "is_active": true, "is_superuser": false, "is_staff": false, "last_login": "2009-03-19 14:43:26", "groups": [], "user_permissions": [], "password": "sha1$ed67c$dc38daa0fb093810eca52b2d80788f3f60e7bf94", "email": "tcoenen@science.uva.nl", "date_joined": "2009-03-19 14:43:26"}}, {"pk": 19, "model": "auth.user", "fields": {"username": "hans", "first_name": "", "last_name": "", "is_active": true, "is_superuser": false, "is_staff": false, "last_login": "2009-03-19 14:43:26", "groups": [], "user_permissions": [], "password": "sha1$0bfff$1cddcc4b78abadb3ede8569b5ddcf85b793c33e4", "email": "tcoenen@science.uva.nl", "date_joined": "2009-03-19 14:43:26"}}, {"pk": 20, "model": "auth.user", "fields": {"username": "helena", "first_name": "", "last_name": "", "is_active": true, "is_superuser": false, "is_staff": false, "last_login": "2009-03-19 14:43:26", "groups": [], "user_permissions": [], "password": "sha1$28d9e$8192673c6bd53dac0a8059ef6b1c685b6bbbe856", "email": "tcoenen@science.uva.nl", "date_joined": "2009-03-19 14:43:26"}}, {"pk": 21, "model": "auth.user", "fields": {"username": "henriette", "first_name": "", "last_name": "", "is_active": true, "is_superuser": false, "is_staff": false, "last_login": "2009-03-19 14:43:26", "groups": [], "user_permissions": [], "password": "sha1$958cb$8af3d59259d97acde5b4657841ec4d98032e8dd2", "email": "tcoenen@science.uva.nl", "date_joined": "2009-03-19 14:43:26"}}, {"pk": 22, "model": "auth.user", "fields": {"username": "herbert", "first_name": "", "last_name": "", "is_active": true, "is_superuser": false, "is_staff": false, "last_login": "2009-03-19 14:43:26", "groups": [], "user_permissions": [], "password": "sha1$87190$d18ed7c40ef4dcff0b2b954639f76d7245a2a9c8", "email": "tcoenen@science.uva.nl", "date_joined": "2009-03-19 14:43:26"}}, {"pk": 23, "model": "auth.user", "fields": {"username": "irene", "first_name": "", "last_name": "", "is_active": true, "is_superuser": false, "is_staff": false, "last_login": "2009-03-19 14:43:26", "groups": [], "user_permissions": [], "password": "sha1$e1425$1172a9c857ca2f1929efc0f16f360aeb49bd5af1", "email": "tcoenen@science.uva.nl", "date_joined": "2009-03-19 14:43:26"}}, {"pk": 24, "model": "auth.user", "fields": {"username": "ien", "first_name": "", "last_name": "", "is_active": true, "is_superuser": false, "is_staff": false, "last_login": "2009-03-19 14:43:26", "groups": [], "user_permissions": [], "password": "sha1$8732e$d3c9d768e3e93ae4bed9bab925db1e2cdc0e3e2f", "email": "tcoenen@science.uva.nl", "date_joined": "2009-03-19 14:43:26"}}, {"pk": 25, "model": "auth.user", "fields": {"username": "jasper", "first_name": "", "last_name": "", "is_active": true, "is_superuser": false, "is_staff": false, "last_login": "2009-03-19 14:43:26", "groups": [], "user_permissions": [], "password": "sha1$d02d6$e7527cd3eb693d422e254408a5a3b00b4de74c4a", "email": "tcoenen@science.uva.nl", "date_joined": "2009-03-19 14:43:26"}}, {"pk": 26, "model": "auth.user", "fields": {"username": "jorn", "first_name": "", "last_name": "", "is_active": true, "is_superuser": false, "is_staff": false, "last_login": "2009-03-19 14:43:26", "groups": [], "user_permissions": [], "password": "sha1$532b4$d9858b40b51360199870d9b554e8c2cbd0488998", "email": "tcoenen@science.uva.nl", "date_joined": "2009-03-19 14:43:26"}}, {"pk": 27, "model": "auth.user", "fields": {"username": "judas", "first_name": "", "last_name": "", "is_active": true, "is_superuser": false, "is_staff": false, "last_login": "2009-03-19 14:43:26", "groups": [], "user_permissions": [], "password": "sha1$5deef$51084b6f595040e6dd7f84a8b7b53e589390f81b", "email": "tcoenen@science.uva.nl", "date_joined": "2009-03-19 14:43:26"}}, {"pk": 28, "model": "auth.user", "fields": {"username": "klaas", "first_name": "", "last_name": "", "is_active": true, "is_superuser": false, "is_staff": false, "last_login": "2009-03-19 14:43:26", "groups": [], "user_permissions": [], "password": "sha1$c968f$6b30489cf2682ef45f6d418392aca1f84d0ad8ac", "email": "tcoenen@science.uva.nl", "date_joined": "2009-03-19 14:43:26"}}, {"pk": 29, "model": "auth.user", "fields": {"username": "karel", "first_name": "", "last_name": "", "is_active": true, "is_superuser": false, "is_staff": false, "last_login": "2009-03-19 14:43:26", "groups": [], "user_permissions": [], "password": "sha1$3361f$36f3a1380556924870586f2058791fcac06467a2", "email": "tcoenen@science.uva.nl", "date_joined": "2009-03-19 14:43:26"}}, {"pk": 30, "model": "auth.user", "fields": {"username": "karla", "first_name": "", "last_name": "", "is_active": true, "is_superuser": false, "is_staff": false, "last_login": "2009-03-19 14:43:26", "groups": [], "user_permissions": [], "password": "sha1$bb1f0$5727b1d72f8f5dbac17522433402434916f4be4f", "email": "tcoenen@science.uva.nl", "date_joined": "2009-03-19 14:43:26"}}, {"pk": 31, "model": "auth.user", "fields": {"username": "kees", "first_name": "", "last_name": "", "is_active": true, "is_superuser": false, "is_staff": false, "last_login": "2009-03-19 14:43:26", "groups": [], "user_permissions": [], "password": "sha1$98da7$26a4211957f49183ea5a52ec5243bf6a33d2fca8", "email": "tcoenen@science.uva.nl", "date_joined": "2009-03-19 14:43:26"}}, {"pk": 32, "model": "auth.user", "fields": {"username": "lara", "first_name": "", "last_name": "", "is_active": true, "is_superuser": false, "is_staff": false, "last_login": "2009-03-19 14:43:26", "groups": [], "user_permissions": [], "password": "sha1$6d8d3$1da1430affd385e4dbc3c54210162bfc9568f8f4", "email": "tcoenen@science.uva.nl", "date_joined": "2009-03-19 14:43:26"}}, {"pk": 33, "model": "auth.user", "fields": {"username": "lianne", "first_name": "", "last_name": "", "is_active": true, "is_superuser": false, "is_staff": false, "last_login": "2009-03-19 14:43:26", "groups": [], "user_permissions": [], "password": "sha1$3c9af$84d470a13a805104d49cd9e47fe8bb29371ebab3", "email": "tcoenen@science.uva.nl", "date_joined": "2009-03-19 14:43:26"}}, {"pk": 34, "model": "auth.user", "fields": {"username": "mees", "first_name": "", "last_name": "", "is_active": true, "is_superuser": false, "is_staff": false, "last_login": "2009-03-19 14:43:26", "groups": [], "user_permissions": [], "password": "sha1$6a986$957ec78325234059e76f1dfdc4f8e0663e20a8ff", "email": "tcoenen@science.uva.nl", "date_joined": "2009-03-19 14:43:26"}}, {"pk": 35, "model": "auth.user", "fields": {"username": "mohammed", "first_name": "", "last_name": "", "is_active": true, "is_superuser": false, "is_staff": false, "last_login": "2009-03-19 14:43:26", "groups": [], "user_permissions": [], "password": "sha1$ad207$89786c8f6767bb17a39759e85672c475e37291b5", "email": "tcoenen@science.uva.nl", "date_joined": "2009-03-19 14:43:26"}}, {"pk": 36, "model": "auth.user", "fields": {"username": "nick", "first_name": "", "last_name": "", "is_active": true, "is_superuser": false, "is_staff": false, "last_login": "2009-03-19 14:43:26", "groups": [], "user_permissions": [], "password": "sha1$931be$a9de8bd12efd1f6563c65fc3bd9ceea57bf76881", "email": "tcoenen@science.uva.nl", "date_joined": "2009-03-19 14:43:26"}}, {"pk": 37, "model": "auth.user", "fields": {"username": "nicolette", "first_name": "", "last_name": "", "is_active": true, "is_superuser": false, "is_staff": false, "last_login": "2009-03-19 14:43:26", "groups": [], "user_permissions": [], "password": "sha1$533ee$6e060411528d635f1f0ab17187883f3597b5ee8d", "email": "tcoenen@science.uva.nl", "date_joined": "2009-03-19 14:43:26"}}, {"pk": 38, "model": "auth.user", "fields": {"username": "piet", "first_name": "", "last_name": "", "is_active": true, "is_superuser": false, "is_staff": false, "last_login": "2009-03-19 14:43:26", "groups": [], "user_permissions": [], "password": "sha1$c811e$b272ebd7d5f0a592455e15dd3801aed914deb70e", "email": "tcoenen@science.uva.nl", "date_joined": "2009-03-19 14:43:26"}}, {"pk": 39, "model": "auth.user", "fields": {"username": "peter", "first_name": "", "last_name": "", "is_active": true, "is_superuser": false, "is_staff": false, "last_login": "2009-03-19 14:43:26", "groups": [], "user_permissions": [], "password": "sha1$04077$1152664e21177f83d1c1fb6e3212b49a763cb18b", "email": "tcoenen@science.uva.nl", "date_joined": "2009-03-19 14:43:26"}}, {"pk": 40, "model": "auth.user", "fields": {"username": "petra", "first_name": "", "last_name": "", "is_active": true, "is_superuser": false, "is_staff": false, "last_login": "2009-03-19 14:43:26", "groups": [], "user_permissions": [], "password": "sha1$d2cdc$d32ce2214c4b05a5e52482c70529b64e95a56e73", "email": "tcoenen@science.uva.nl", "date_joined": "2009-03-19 14:43:26"}}, {"pk": 41, "model": "auth.user", "fields": {"username": "rianne", "first_name": "", "last_name": "", "is_active": true, "is_superuser": false, "is_staff": false, "last_login": "2009-03-19 14:43:26", "groups": [], "user_permissions": [], "password": "sha1$43134$20bacefc85f4a38a516f3c3f4684cd1db05e732b", "email": "tcoenen@science.uva.nl", "date_joined": "2009-03-19 14:43:26"}}, {"pk": 42, "model": "auth.user", "fields": {"username": "roderik", "first_name": "", "last_name": "", "is_active": true, "is_superuser": false, "is_staff": false, "last_login": "2009-03-19 14:43:26", "groups": [], "user_permissions": [], "password": "sha1$08c21$a44e79ffc3be760e0c9a7f033bcd8b911749c642", "email": "tcoenen@science.uva.nl", "date_joined": "2009-03-19 14:43:26"}}, {"pk": 43, "model": "auth.user", "fields": {"username": "sietske", "first_name": "", "last_name": "", "is_active": true, "is_superuser": false, "is_staff": false, "last_login": "2009-03-19 14:43:27", "groups": [], "user_permissions": [], "password": "sha1$8926d$0d626428b883aba60b3a60e3c1c19ac129ea057a", "email": "tcoenen@science.uva.nl", "date_joined": "2009-03-19 14:43:27"}}, {"pk": 44, "model": "auth.user", "fields": {"username": "suzanne", "first_name": "", "last_name": "", "is_active": true, "is_superuser": false, "is_staff": false, "last_login": "2009-03-19 14:43:27", "groups": [], "user_permissions": [], "password": "sha1$747c2$dd5208a2736faf9a3ebffefc33aa7c9e02619cee", "email": "tcoenen@science.uva.nl", "date_joined": "2009-03-19 14:43:27"}}, {"pk": 45, "model": "auth.user", "fields": {"username": "yyy", "first_name": "", "last_name": "", "is_active": true, "is_superuser": false, "is_staff": false, "last_login": "2009-03-19 14:54:40", "groups": [], "user_permissions": [], "password": "sha1$25a61$695c611a983c1f4e399bb772995718584e872769", "email": "stephan@preeker.net", "date_joined": "2009-03-19 14:46:32"}}, {"pk": 46, "model": "auth.user", "fields": {"username": "zzz", "first_name": "", "last_name": "", "is_active": true, "is_superuser": false, "is_staff": false, "last_login": "2009-03-20 19:40:08", "groups": [], "user_permissions": [], "password": "sha1$220be$6d894c3abf26d5aee70d5b83bc57312bc10f4858", "email": "stephan@preeker.net", "date_joined": "2009-03-20 18:40:27"}}, {"pk": 47, "model": "auth.user", "fields": {"username": "ggg", "first_name": "", "last_name": "", "is_active": false, "is_superuser": false, "is_staff": false, "last_login": "2009-03-20 19:51:35", "groups": [], "user_permissions": [], "password": "sha1$abedb$9ff66702531b04f9b5a6f317ed45d534502a72fe", "email": "stephan@preeker.net", "date_joined": "2009-03-20 19:51:35"}}, {"pk": 48, "model": "auth.user", "fields": {"username": "bara", "first_name": "", "last_name": "", "is_active": false, "is_superuser": false, "is_staff": false, "last_login": "2009-03-23 16:19:26", "groups": [], "user_permissions": [], "password": "sha1$54009$d077cbc7616b11a4711925e4ffac5a69068443cd", "email": "bara@preeker.net", "date_joined": "2009-03-23 16:19:26"}}, {"pk": 22, "model": "contenttypes.contenttype", "fields": {"model": "consumer", "name": "consumer", "app_label": "oauth_provider"}}, {"pk": 5, "model": "contenttypes.contenttype", "fields": {"model": "contenttype", "name": "content type", "app_label": "contenttypes"}}, {"pk": 2, "model": "contenttypes.contenttype", "fields": {"model": "group", "name": "group", "app_label": "auth"}}, {"pk": 9, "model": "contenttypes.contenttype", "fields": {"model": "issue", "name": "issue", "app_label": "gamelogic"}}, {"pk": 13, "model": "contenttypes.contenttype", "fields": {"model": "issuebody", "name": "issue body", "app_label": "gamelogic"}}, {"pk": 10, "model": "contenttypes.contenttype", "fields": {"model": "issueset", "name": "issue set", "app_label": "gamelogic"}}, {"pk": 14, "model": "contenttypes.contenttype", "fields": {"model": "lawproposal", "name": "law proposal", "app_label": "gamelogic"}}, {"pk": 8, "model": "contenttypes.contenttype", "fields": {"model": "logentry", "name": "log entry", "app_label": "admin"}}, {"pk": 12, "model": "contenttypes.contenttype", "fields": {"model": "mandate", "name": "mandate", "app_label": "gamelogic"}}, {"pk": 4, "model": "contenttypes.contenttype", "fields": {"model": "message", "name": "message", "app_label": "auth"}}, {"pk": 15, "model": "contenttypes.contenttype", "fields": {"model": "motion", "name": "motion", "app_label": "gamelogic"}}, {"pk": 20, "model": "contenttypes.contenttype", "fields": {"model": "nonce", "name": "nonce", "app_label": "oauth_provider"}}, {"pk": 1, "model": "contenttypes.contenttype", "fields": {"model": "permission", "name": "permission", "app_label": "auth"}}, {"pk": 19, "model": "contenttypes.contenttype", "fields": {"model": "registrationprofile", "name": "registration profile", "app_label": "registration"}}, {"pk": 21, "model": "contenttypes.contenttype", "fields": {"model": "resource", "name": "resource", "app_label": "oauth_provider"}}, {"pk": 6, "model": "contenttypes.contenttype", "fields": {"model": "session", "name": "session", "app_label": "sessions"}}, {"pk": 7, "model": "contenttypes.contenttype", "fields": {"model": "site", "name": "site", "app_label": "sites"}}, {"pk": 16, "model": "contenttypes.contenttype", "fields": {"model": "tag", "name": "tag", "app_label": "gamelogic"}}, {"pk": 17, "model": "contenttypes.contenttype", "fields": {"model": "taggedissue", "name": "tagged issue", "app_label": "gamelogic"}}, {"pk": 23, "model": "contenttypes.contenttype", "fields": {"model": "token", "name": "token", "app_label": "oauth_provider"}}, {"pk": 3, "model": "contenttypes.contenttype", "fields": {"model": "user", "name": "user", "app_label": "auth"}}, {"pk": 18, "model": "contenttypes.contenttype", "fields": {"model": "userprofile", "name": "user profile", "app_label": "profiles"}}, {"pk": 11, "model": "contenttypes.contenttype", "fields": {"model": "vote", "name": "vote", "app_label": "gamelogic"}}, {"pk": "1e41514f9db243f3c4ede0d86294e924", "model": "sessions.session", "fields": {"expire_date": "2009-04-02 14:54:40", "session_data": "gAJ9cQEoVRJfYXV0aF91c2VyX2JhY2tlbmRxAlUpZGphbmdvLmNvbnRyaWIuYXV0aC5iYWNrZW5k\ncy5Nb2RlbEJhY2tlbmRxA1UNX2F1dGhfdXNlcl9pZHEESy11LjIyMTdkNjQzNmJkZjBmYzZiNmY0\nNTMwNDA2ZjU4YzMx\n"}}, {"pk": "0b63fb82d8707c949079153ff4b7fa8e", "model": "sessions.session", "fields": {"expire_date": "2009-04-03 13:01:28", "session_data": "gAJ9cQFVDHZvdGVfaGlzdG9yeXECfXEDSwhK/////3NzLmFlZWEzZjhlMjU5YzNmNTEyYWQ2NmJl\nYzFiMzljZWQw\n"}}, {"pk": "b58a0c55dc03b6cf1afadd40a21a1b80", "model": "sessions.session", "fields": {"expire_date": "2009-04-03 19:40:08", "session_data": "gAJ9cQEoVQ1fYXV0aF91c2VyX2lkcQJLLlUMdm90ZV9oaXN0b3J5cQN9cQQoSwlK/////0sKSv//\n//91VRJfYXV0aF91c2VyX2JhY2tlbmRxBVUpZGphbmdvLmNvbnRyaWIuYXV0aC5iYWNrZW5kcy5N\nb2RlbEJhY2tlbmRxBnUuMjNiMGIxYTRmY2VlNjg0ZTJjYWM5YjUzMTQ5MjU3ODM=\n"}}, {"pk": 1, "model": "sites.site", "fields": {"domain": "127.0.0.1:8000", "name": "127.0.0.1:8000"}}, {"pk": 1, "model": "admin.logentry", "fields": {"action_flag": 2, "action_time": "2009-03-19 14:53:53", "object_repr": "127.0.0.1:8000", "object_id": "1", "change_message": "domain en name gewijzigd.", "user": 1, "content_type": 7}}, {"pk": 1, "model": "gamelogic.issue", "fields": {"votes": 1, "title": "Among the renowned leaders wer", "object_id": 1, "score": 0, "content_type": 13, "owner": 38, "time_stamp": "2009-03-19 14:43:46", "hotness": 0, "offensiveness": 0}}, {"pk": 2, "model": "gamelogic.issue", "fields": {"votes": 1, "title": "Penelope replied again: \"Nay, ", "object_id": 2, "score": 0, "content_type": 13, "owner": 23, "time_stamp": "2009-03-19 14:43:46", "hotness": 0, "offensiveness": 0}}, {"pk": 3, "model": "gamelogic.issue", "fields": {"votes": 1, "title": "There was a large orchard all ", "object_id": 3, "score": 0, "content_type": 13, "owner": 26, "time_stamp": "2009-03-19 14:43:46", "hotness": 0, "offensiveness": 0}}, {"pk": 4, "model": "gamelogic.issue", "fields": {"votes": 1, "title": "\"And yet I will not give thee ", "object_id": 4, "score": 0, "content_type": 13, "owner": 15, "time_stamp": "2009-03-19 14:43:46", "hotness": 0, "offensiveness": 0}}, {"pk": 5, "model": "gamelogic.issue", "fields": {"votes": 1, "title": "So spoke Odysseus, and left th", "object_id": 5, "score": 0, "content_type": 13, "owner": 2, "time_stamp": "2009-03-19 14:43:46", "hotness": 0, "offensiveness": 0}}, {"pk": 6, "model": "gamelogic.issue", "fields": {"votes": 1, "title": "\"'I pray thee now by all those", "object_id": 6, "score": 0, "content_type": 13, "owner": 8, "time_stamp": "2009-03-19 14:43:46", "hotness": 0, "offensiveness": 0}}, {"pk": 7, "model": "gamelogic.issue", "fields": {"votes": 1, "title": "Then his heart was filled with", "object_id": 7, "score": 0, "content_type": 13, "owner": 44, "time_stamp": "2009-03-19 14:43:46", "hotness": 0, "offensiveness": 0}}, {"pk": 8, "model": "gamelogic.issue", "fields": {"votes": 1, "title": "He told the tale so well that ", "object_id": 8, "score": 0, "content_type": 13, "owner": 32, "time_stamp": "2009-03-19 14:43:46", "hotness": 0, "offensiveness": 0}}, {"pk": 9, "model": "gamelogic.issue", "fields": {"votes": 2, "title": "There was another young prince", "object_id": 9, "score": 0, "content_type": 13, "owner": 18, "time_stamp": "2009-03-19 14:43:46", "hotness": 0, "offensiveness": 0}}, {"pk": 10, "model": "gamelogic.issue", "fields": {"votes": 2, "title": "\"When our hunger was satisfied", "object_id": 10, "score": 0, "content_type": 13, "owner": 10, "time_stamp": "2009-03-19 14:43:46", "hotness": 0, "offensiveness": 0}}, {"pk": 1, "model": "gamelogic.vote", "fields": {"is_archived": false, "keep_private": false, "vote": -1, "owner": 38, "time_stamp": "2009-03-19 14:43:46", "issueset": null, "issue": 1}}, {"pk": 2, "model": "gamelogic.vote", "fields": {"is_archived": false, "keep_private": false, "vote": 1, "owner": 23, "time_stamp": "2009-03-19 14:43:46", "issueset": null, "issue": 2}}, {"pk": 3, "model": "gamelogic.vote", "fields": {"is_archived": false, "keep_private": false, "vote": 1, "owner": 26, "time_stamp": "2009-03-19 14:43:46", "issueset": null, "issue": 3}}, {"pk": 4, "model": "gamelogic.vote", "fields": {"is_archived": false, "keep_private": false, "vote": 1, "owner": 15, "time_stamp": "2009-03-19 14:43:46", "issueset": null, "issue": 4}}, {"pk": 5, "model": "gamelogic.vote", "fields": {"is_archived": false, "keep_private": false, "vote": -1, "owner": 2, "time_stamp": "2009-03-19 14:43:46", "issueset": null, "issue": 5}}, {"pk": 6, "model": "gamelogic.vote", "fields": {"is_archived": false, "keep_private": false, "vote": 1, "owner": 8, "time_stamp": "2009-03-19 14:43:46", "issueset": null, "issue": 6}}, {"pk": 7, "model": "gamelogic.vote", "fields": {"is_archived": false, "keep_private": false, "vote": 1, "owner": 44, "time_stamp": "2009-03-19 14:43:46", "issueset": null, "issue": 7}}, {"pk": 8, "model": "gamelogic.vote", "fields": {"is_archived": false, "keep_private": false, "vote": 1, "owner": 32, "time_stamp": "2009-03-19 14:43:46", "issueset": null, "issue": 8}}, {"pk": 9, "model": "gamelogic.vote", "fields": {"is_archived": false, "keep_private": false, "vote": 1, "owner": 18, "time_stamp": "2009-03-19 14:43:46", "issueset": null, "issue": 9}}, {"pk": 10, "model": "gamelogic.vote", "fields": {"is_archived": false, "keep_private": false, "vote": -1, "owner": 10, "time_stamp": "2009-03-19 14:43:46", "issueset": null, "issue": 10}}, {"pk": 11, "model": "gamelogic.vote", "fields": {"is_archived": false, "keep_private": false, "vote": -1, "owner": 46, "time_stamp": "2009-03-20 18:40:47", "issueset": null, "issue": 9}}, {"pk": 12, "model": "gamelogic.vote", "fields": {"is_archived": false, "keep_private": false, "vote": -1, "owner": 46, "time_stamp": "2009-03-20 18:40:47", "issueset": null, "issue": 10}}, {"pk": 1, "model": "gamelogic.issuebody", "fields": {"body": "Among the renowned leaders were Menelaos, the sagacious Odysseus, Ajax, and many others. Just as they were offering a sacrifice to the gods, in order to start out to the war with their good will, a great miracle happened. A fearful snake crept from under the altar and climbed a tree in which there was a sparrow's nest nearly hidden by the leaves. There were eight young sparrows in the nest, nine birds with the mother. The snake devoured the fluttering little birds, around which the mother circled as if overcome by grief. \n\n\nOdysseus left the haven by a narrow stony path and took his way to the dwelling of his faithful swineherd, who thought more of the welfare of his master than did all the rest of the servants whom Odysseus had. He found him seated in the yard which he himself had made of stone for the swine of the absent King, and had enclosed with a thick hedge of thorns. He had driven strong posts of oak around it, also. Inside the yard he had made twelve sties, and in each sty there were fifty sows with their little ones. The males were kept outside and were fewer in number, for Eumaios was compelled to send a very fat one to the suitors every day, and therefore there were only eighteen score.", "title": "Among the renowned leaders wer", "url": "http://whatever.nvt", "source_type": "website", "owner": 38, "time_stamp": "2009-03-19 14:43:46"}}, {"pk": 2, "model": "gamelogic.issuebody", "fields": {"body": "Penelope replied again: \"Nay, I cannot believe it. The gods may have slain the suitors under the guise of Odysseus, but he has perished far away from home and never will return.\" \n\n\nOdysseus was under water a long time, striving in vain to come to the surface. Finally he rose, spitting the bitter brine out of his mouth. Although he was in such a desperate plight, his mind was on the raft. Battling bravely with the waves he reached it, and springing on board sat down in the middle of it. Thus he escaped death.", "title": "Penelope replied again: \"Nay, ", "url": "http://whatever.nvt", "source_type": "website", "owner": 23, "time_stamp": "2009-03-19 14:43:46"}}, {"pk": 3, "model": "gamelogic.issuebody", "fields": {"body": "There was a large orchard all around the palace, surrounded by a thick hedge. In the orchard there was a great variety of fruit-trees--pear, apple, pomegranate, olive, and fig. The trees were never bare of fruit, either in summer or in winter, for an ever-blowing west wind created such a mild climate that the trees were constantly blooming and ripening their fruit. \n\n\nAthena said this to spur Odysseus on, but she did not remain at his side. She changed herself into a swallow and perched upon a rafter of the great hall, to put his prowess to a greater test. When she had gone, the suitors grew braver and threw their spears at Odysseus thick and fast. But their aim was uncertain, and they struck pillars and panels and the wall, for the goddess turned their shafts aside.", "title": "There was a large orchard all ", "url": "http://whatever.nvt", "source_type": "website", "owner": 26, "time_stamp": "2009-03-19 14:43:46"}}, {"pk": 4, "model": "gamelogic.issuebody", "fields": {"body": "\"And yet I will not give thee any reward for thy news, old man,\" said Eumaios, \"for Odysseus is dead. He will never come again. Drink in peace and let us talk of other things. Do not take this great oath, as much as we wish--Laertes, Penelope, Telemachos, and I--that Odysseus might come. But now, as if we had not troubles enough, a new one has come upon us. I know not what evil demon put it into the mind of Telemachos to go to Sparta to inquire about his father. And the ungodly suitors have sent out a ship to watch for him, and kill him on his return. We shall lose him, too, if Zeus does not hold a protecting hand over him. \n\n\n\"Sadly we continued our course until we reached an island, where the goddess Circ\u00e8, a daughter of the Sun and Ocean, lived. We landed silently, and gave two days and nights to rest, for we were worn out with toil and grief. On the third day I climbed to the top of a high hill and looked over the island. Down below I saw a marble palace, surrounded by a thick forest. There was smoke rising from the grounds, so I resolved to return to my men and send out some of them to look about and explore.", "title": "\"And yet I will not give thee ", "url": "http://whatever.nvt", "source_type": "website", "owner": 15, "time_stamp": "2009-03-19 14:43:46"}}, {"pk": 5, "model": "gamelogic.issuebody", "fields": {"body": "So spoke Odysseus, and left the hall. The King sent a herald to show him the way to the port where the ship was waiting for him. At the same time Aret\u00e8 also sent down some maids, who carried a new cloak and tunic, a well-wrought coffer full of gifts, and an abundance of food for the journey. \n\n\nEuryalos cheerfully obeyed the king. He brought a brass sword with a silver hilt to Odysseus, and said: \"My father, if I have uttered any offensive word to thee, may the winds scatter all remembrance of it. May the gods grant thee a speedy return to thy country, where thou shalt see thy wife and friends from whom thou hast so long been separated.\"", "title": "So spoke Odysseus, and left th", "url": "http://whatever.nvt", "source_type": "website", "owner": 2, "time_stamp": "2009-03-19 14:43:46"}}, {"pk": 6, "model": "gamelogic.issuebody", "fields": {"body": "\"'I pray thee now by all those whom thou dost love--thy wife, thy father, and thy son--that thou leave not my body unburied in the palace halls, lest I bring on thee the anger of the gods. But on thy return to Circ\u00e8's isle burn my body, together with my armor, and pile up a mound of earth over my ashes. Plant my oar upon my tomb--the oar with which I used to row while I was living.' \n\n\nIn the meantime the suitors spoke among themselves, for they were too foolish to understand the spirit of the queen. \"Surely,\" they said, \"Penelope is making ready for her wedding. She does not suspect that we have planned to kill her son.\" \"Do not deceive yourselves, my friends,\" said Antino\u00f6s. \"Be silent and act.\" Then he chose twenty men, and they went down to a well-fitted ship, and took their places at the oars. They waited until it was dark, when they quietly rowed out into a narrow strait, through which, they thought, Telemachos was sure to sail on his return, and there they waited.", "title": "\"'I pray thee now by all those", "url": "http://whatever.nvt", "source_type": "website", "owner": 8, "time_stamp": "2009-03-19 14:43:46"}}, {"pk": 7, "model": "gamelogic.issuebody", "fields": {"body": "Then his heart was filled with great wrath. He set out at once to see his brother, Agamemnon, to consult with him about what was to be done. Agamemnon was ruler over Mycen\u00e6, and highly respected in all Hellas on account of his power and riches. \n\n\n\"My mother spoke and said: 'It is the lot of all our race when they are dead. When life departs we have no bones and flesh, but the soul flies off and flits about from one place to another. Hasten back to the pleasant daylight, and when thou dost reach home tell thy wife what I have said.'", "title": "Then his heart was filled with", "url": "http://whatever.nvt", "source_type": "website", "owner": 44, "time_stamp": "2009-03-19 14:43:46"}}, {"pk": 8, "model": "gamelogic.issuebody", "fields": {"body": "He told the tale so well that the swineherd believed him, and even killed a fat hog in his honor. And he made him welcome to his lodge and prepared a good bed for him near the fire, and covered him with goat-skins. The night was cold and damp, and a cutting wind was blowing outside. The other servants lay down near Odysseus to sleep, but Eumaios took a sharp sword and thick mantle and went out near the pens to watch the swine all night. Odysseus saw with gratitude how faithfully this servant attended to his duty. \n\n\n\"Young wives and girls, old men and young warriors who had fallen in battle, airy forms, ghosts of all kinds of people, flitted like bats around me in that dark place with fearful cries, and I turned pale with fear. I drew my sword and waved them back until I should question the soul of Tiresias.", "title": "He told the tale so well that ", "url": "http://whatever.nvt", "source_type": "website", "owner": 32, "time_stamp": "2009-03-19 14:43:46"}}, {"pk": 9, "model": "gamelogic.issuebody", "fields": {"body": "There was another young prince whom it was absolutely necessary to secure, for a much venerated oracle had given it as a decree of the gods that Troy could never be taken without his help. This was Achilles, son of Peleus, king of the Myrmidons in Thessaly, and of the beauteous ocean nymph, Thetis. Notwithstanding his extreme youth, his father would not disappoint the whole country, and he let him go with those who came for him. But he sent along with him his adopted son, Patroklos, who was several years older, and to whom the boy was passionately attached, and also his oldest and most trusted servant, Ph\u0153nix. These two, the old man and the youth, he charged, as they hoped for the mercy of Zeus, to keep watchful guard over Achilles, whose exceedingly impetuous and reckless temper exposed him to many dangers which might be averted by a sensible and loving word spoken in time. \n\n\nThe suitors were astonished at his courage and his words. He had never before spoken out with authority. Antino\u00f6s and Eurymachos, the most insolent of them, began to ridicule him and excite the others to make fun of him. And they asked Telemachos what guest he had been entertaining so secretly and what news he had brought from his father. The suitors danced and sang, eating and drinking, until evening, before they went home.", "title": "There was another young prince", "url": "http://whatever.nvt", "source_type": "website", "owner": 18, "time_stamp": "2009-03-19 14:43:46"}}, {"pk": 10, "model": "gamelogic.issuebody", "fields": {"body": "\"When our hunger was satisfied, I sent out two of the best men to explore the country about and find out what sort of people the Lotus-eaters were. I sent a herald with them, whom they might send back with the news. \n\n\n\"And also beware of the suitors, whom thou hast offended. They lie in wait in the narrow passage between Samos and Ithaca. They hope to catch thee on thy way home and slay thee. Do not go that way. Sail only when it is dark. A god will watch over thee. When thou dost come to the first harbor in Ithaca, disembark, and let thy crew go on in the ship and take it back to the town. But thou shalt make thy way to the hut of thy loyal swineherd, and he will take tidings of thy safe return to thy mother.\"", "title": "\"When our hunger was satisfied", "url": "http://whatever.nvt", "source_type": "website", "owner": 10, "time_stamp": "2009-03-19 14:43:46"}}, {"pk": 1, "model": "profiles.userprofile", "fields": {"votes_public": false, "description": "", "total_for": 0, "url": "", "total_blank": 0, "title": "", "id_is_verified": false, "score": 0, "role": "citizen", "user": 2, "total_against": 0, "show_identity": false}}, {"pk": 2, "model": "profiles.userprofile", "fields": {"votes_public": false, "description": "", "total_for": 0, "url": "", "total_blank": 0, "title": "", "id_is_verified": false, "score": 0, "role": "citizen", "user": 3, "total_against": 0, "show_identity": false}}, {"pk": 3, "model": "profiles.userprofile", "fields": {"votes_public": false, "description": "", "total_for": 0, "url": "", "total_blank": 0, "title": "", "id_is_verified": false, "score": 0, "role": "citizen", "user": 4, "total_against": 0, "show_identity": false}}, {"pk": 4, "model": "profiles.userprofile", "fields": {"votes_public": false, "description": "", "total_for": 0, "url": "", "total_blank": 0, "title": "", "id_is_verified": false, "score": 0, "role": "citizen", "user": 5, "total_against": 0, "show_identity": false}}, {"pk": 5, "model": "profiles.userprofile", "fields": {"votes_public": false, "description": "", "total_for": 0, "url": "", "total_blank": 0, "title": "", "id_is_verified": false, "score": 0, "role": "citizen", "user": 6, "total_against": 0, "show_identity": false}}, {"pk": 6, "model": "profiles.userprofile", "fields": {"votes_public": false, "description": "", "total_for": 0, "url": "", "total_blank": 0, "title": "", "id_is_verified": false, "score": 0, "role": "citizen", "user": 7, "total_against": 0, "show_identity": false}}, {"pk": 7, "model": "profiles.userprofile", "fields": {"votes_public": false, "description": "", "total_for": 0, "url": "", "total_blank": 0, "title": "", "id_is_verified": false, "score": 0, "role": "citizen", "user": 8, "total_against": 0, "show_identity": false}}, {"pk": 8, "model": "profiles.userprofile", "fields": {"votes_public": false, "description": "", "total_for": 0, "url": "", "total_blank": 0, "title": "", "id_is_verified": false, "score": 0, "role": "citizen", "user": 9, "total_against": 0, "show_identity": false}}, {"pk": 9, "model": "profiles.userprofile", "fields": {"votes_public": false, "description": "", "total_for": 0, "url": "", "total_blank": 0, "title": "", "id_is_verified": false, "score": 0, "role": "citizen", "user": 10, "total_against": 0, "show_identity": false}}, {"pk": 10, "model": "profiles.userprofile", "fields": {"votes_public": false, "description": "", "total_for": 0, "url": "", "total_blank": 0, "title": "", "id_is_verified": false, "score": 0, "role": "citizen", "user": 11, "total_against": 0, "show_identity": false}}, {"pk": 11, "model": "profiles.userprofile", "fields": {"votes_public": false, "description": "", "total_for": 0, "url": "", "total_blank": 0, "title": "", "id_is_verified": false, "score": 0, "role": "citizen", "user": 12, "total_against": 0, "show_identity": false}}, {"pk": 12, "model": "profiles.userprofile", "fields": {"votes_public": false, "description": "", "total_for": 0, "url": "", "total_blank": 0, "title": "", "id_is_verified": false, "score": 0, "role": "citizen", "user": 13, "total_against": 0, "show_identity": false}}, {"pk": 13, "model": "profiles.userprofile", "fields": {"votes_public": false, "description": "", "total_for": 0, "url": "", "total_blank": 0, "title": "", "id_is_verified": false, "score": 0, "role": "citizen", "user": 14, "total_against": 0, "show_identity": false}}, {"pk": 14, "model": "profiles.userprofile", "fields": {"votes_public": false, "description": "", "total_for": 0, "url": "", "total_blank": 0, "title": "", "id_is_verified": false, "score": 0, "role": "citizen", "user": 15, "total_against": 0, "show_identity": false}}, {"pk": 15, "model": "profiles.userprofile", "fields": {"votes_public": false, "description": "", "total_for": 0, "url": "", "total_blank": 0, "title": "", "id_is_verified": false, "score": 0, "role": "citizen", "user": 16, "total_against": 0, "show_identity": false}}, {"pk": 16, "model": "profiles.userprofile", "fields": {"votes_public": false, "description": "", "total_for": 0, "url": "", "total_blank": 0, "title": "", "id_is_verified": false, "score": 0, "role": "citizen", "user": 17, "total_against": 0, "show_identity": false}}, {"pk": 17, "model": "profiles.userprofile", "fields": {"votes_public": false, "description": "", "total_for": 0, "url": "", "total_blank": 0, "title": "", "id_is_verified": false, "score": 0, "role": "citizen", "user": 18, "total_against": 0, "show_identity": false}}, {"pk": 18, "model": "profiles.userprofile", "fields": {"votes_public": false, "description": "", "total_for": 0, "url": "", "total_blank": 0, "title": "", "id_is_verified": false, "score": 0, "role": "citizen", "user": 19, "total_against": 0, "show_identity": false}}, {"pk": 19, "model": "profiles.userprofile", "fields": {"votes_public": false, "description": "", "total_for": 0, "url": "", "total_blank": 0, "title": "", "id_is_verified": false, "score": 0, "role": "citizen", "user": 20, "total_against": 0, "show_identity": false}}, {"pk": 20, "model": "profiles.userprofile", "fields": {"votes_public": false, "description": "", "total_for": 0, "url": "", "total_blank": 0, "title": "", "id_is_verified": false, "score": 0, "role": "citizen", "user": 21, "total_against": 0, "show_identity": false}}, {"pk": 21, "model": "profiles.userprofile", "fields": {"votes_public": false, "description": "", "total_for": 0, "url": "", "total_blank": 0, "title": "", "id_is_verified": false, "score": 0, "role": "citizen", "user": 22, "total_against": 0, "show_identity": false}}, {"pk": 22, "model": "profiles.userprofile", "fields": {"votes_public": false, "description": "", "total_for": 0, "url": "", "total_blank": 0, "title": "", "id_is_verified": false, "score": 0, "role": "citizen", "user": 23, "total_against": 0, "show_identity": false}}, {"pk": 23, "model": "profiles.userprofile", "fields": {"votes_public": false, "description": "", "total_for": 0, "url": "", "total_blank": 0, "title": "", "id_is_verified": false, "score": 0, "role": "citizen", "user": 24, "total_against": 0, "show_identity": false}}, {"pk": 24, "model": "profiles.userprofile", "fields": {"votes_public": false, "description": "", "total_for": 0, "url": "", "total_blank": 0, "title": "", "id_is_verified": false, "score": 0, "role": "citizen", "user": 25, "total_against": 0, "show_identity": false}}, {"pk": 25, "model": "profiles.userprofile", "fields": {"votes_public": false, "description": "", "total_for": 0, "url": "", "total_blank": 0, "title": "", "id_is_verified": false, "score": 0, "role": "citizen", "user": 26, "total_against": 0, "show_identity": false}}, {"pk": 26, "model": "profiles.userprofile", "fields": {"votes_public": false, "description": "", "total_for": 0, "url": "", "total_blank": 0, "title": "", "id_is_verified": false, "score": 0, "role": "citizen", "user": 27, "total_against": 0, "show_identity": false}}, {"pk": 27, "model": "profiles.userprofile", "fields": {"votes_public": false, "description": "", "total_for": 0, "url": "", "total_blank": 0, "title": "", "id_is_verified": false, "score": 0, "role": "citizen", "user": 28, "total_against": 0, "show_identity": false}}, {"pk": 28, "model": "profiles.userprofile", "fields": {"votes_public": false, "description": "", "total_for": 0, "url": "", "total_blank": 0, "title": "", "id_is_verified": false, "score": 0, "role": "citizen", "user": 29, "total_against": 0, "show_identity": false}}, {"pk": 29, "model": "profiles.userprofile", "fields": {"votes_public": false, "description": "", "total_for": 0, "url": "", "total_blank": 0, "title": "", "id_is_verified": false, "score": 0, "role": "citizen", "user": 30, "total_against": 0, "show_identity": false}}, {"pk": 30, "model": "profiles.userprofile", "fields": {"votes_public": false, "description": "", "total_for": 0, "url": "", "total_blank": 0, "title": "", "id_is_verified": false, "score": 0, "role": "citizen", "user": 31, "total_against": 0, "show_identity": false}}, {"pk": 31, "model": "profiles.userprofile", "fields": {"votes_public": false, "description": "", "total_for": 0, "url": "", "total_blank": 0, "title": "", "id_is_verified": false, "score": 0, "role": "citizen", "user": 32, "total_against": 0, "show_identity": false}}, {"pk": 32, "model": "profiles.userprofile", "fields": {"votes_public": false, "description": "", "total_for": 0, "url": "", "total_blank": 0, "title": "", "id_is_verified": false, "score": 0, "role": "citizen", "user": 33, "total_against": 0, "show_identity": false}}, {"pk": 33, "model": "profiles.userprofile", "fields": {"votes_public": false, "description": "", "total_for": 0, "url": "", "total_blank": 0, "title": "", "id_is_verified": false, "score": 0, "role": "citizen", "user": 34, "total_against": 0, "show_identity": false}}, {"pk": 34, "model": "profiles.userprofile", "fields": {"votes_public": false, "description": "", "total_for": 0, "url": "", "total_blank": 0, "title": "", "id_is_verified": false, "score": 0, "role": "citizen", "user": 35, "total_against": 0, "show_identity": false}}, {"pk": 35, "model": "profiles.userprofile", "fields": {"votes_public": false, "description": "", "total_for": 0, "url": "", "total_blank": 0, "title": "", "id_is_verified": false, "score": 0, "role": "citizen", "user": 36, "total_against": 0, "show_identity": false}}, {"pk": 36, "model": "profiles.userprofile", "fields": {"votes_public": false, "description": "", "total_for": 0, "url": "", "total_blank": 0, "title": "", "id_is_verified": false, "score": 0, "role": "citizen", "user": 37, "total_against": 0, "show_identity": false}}, {"pk": 37, "model": "profiles.userprofile", "fields": {"votes_public": false, "description": "", "total_for": 0, "url": "", "total_blank": 0, "title": "", "id_is_verified": false, "score": 0, "role": "citizen", "user": 38, "total_against": 0, "show_identity": false}}, {"pk": 38, "model": "profiles.userprofile", "fields": {"votes_public": false, "description": "", "total_for": 0, "url": "", "total_blank": 0, "title": "", "id_is_verified": false, "score": 0, "role": "citizen", "user": 39, "total_against": 0, "show_identity": false}}, {"pk": 39, "model": "profiles.userprofile", "fields": {"votes_public": false, "description": "", "total_for": 0, "url": "", "total_blank": 0, "title": "", "id_is_verified": false, "score": 0, "role": "citizen", "user": 40, "total_against": 0, "show_identity": false}}, {"pk": 40, "model": "profiles.userprofile", "fields": {"votes_public": false, "description": "", "total_for": 0, "url": "", "total_blank": 0, "title": "", "id_is_verified": false, "score": 0, "role": "citizen", "user": 41, "total_against": 0, "show_identity": false}}, {"pk": 41, "model": "profiles.userprofile", "fields": {"votes_public": false, "description": "", "total_for": 0, "url": "", "total_blank": 0, "title": "", "id_is_verified": false, "score": 0, "role": "citizen", "user": 42, "total_against": 0, "show_identity": false}}, {"pk": 42, "model": "profiles.userprofile", "fields": {"votes_public": false, "description": "", "total_for": 0, "url": "", "total_blank": 0, "title": "", "id_is_verified": false, "score": 0, "role": "citizen", "user": 43, "total_against": 0, "show_identity": false}}, {"pk": 43, "model": "profiles.userprofile", "fields": {"votes_public": false, "description": "", "total_for": 0, "url": "", "total_blank": 0, "title": "", "id_is_verified": false, "score": 0, "role": "citizen", "user": 44, "total_against": 0, "show_identity": false}}, {"pk": 44, "model": "profiles.userprofile", "fields": {"votes_public": false, "description": "", "total_for": 0, "url": "", "total_blank": 0, "title": "", "id_is_verified": false, "score": 0, "role": "citizen", "user": 45, "total_against": 0, "show_identity": false}}, {"pk": 45, "model": "profiles.userprofile", "fields": {"votes_public": false, "description": "", "total_for": 0, "url": "", "total_blank": 0, "title": "", "id_is_verified": false, "score": 0, "role": "citizen", "user": 1, "total_against": 0, "show_identity": false}}, {"pk": 46, "model": "profiles.userprofile", "fields": {"votes_public": false, "description": "", "total_for": 0, "url": "", "total_blank": 0, "title": "", "id_is_verified": false, "score": 0, "role": "citizen", "user": 46, "total_against": 2, "show_identity": false}}, {"pk": 47, "model": "profiles.userprofile", "fields": {"votes_public": false, "description": "", "total_for": 0, "url": "", "total_blank": 0, "title": "", "id_is_verified": false, "score": 0, "role": "citizen", "user": 47, "total_against": 0, "show_identity": false}}, {"pk": 48, "model": "profiles.userprofile", "fields": {"votes_public": false, "description": "", "total_for": 0, "url": "", "total_blank": 0, "title": "", "id_is_verified": false, "score": 0, "role": "citizen", "user": 48, "total_against": 0, "show_identity": false}}, {"pk": 1, "model": "registration.registrationprofile", "fields": {"activation_key": "ALREADY_ACTIVATED", "user": 45}}, {"pk": 2, "model": "registration.registrationprofile", "fields": {"activation_key": "ALREADY_ACTIVATED", "user": 46}}, {"pk": 3, "model": "registration.registrationprofile", "fields": {"activation_key": "b0c16744b1fc8ef09f454b4b424456a1b6ba0657", "user": 47}}, {"pk": 4, "model": "registration.registrationprofile", "fields": {"activation_key": "d7b98bccbb9f2b034601af1dece0ad84b961d433", "user": 48}}]
